{
  "assetsByChunkName": {
    "vendors~app-account~app-confirmation~app-order": "chunk.6b3531281fffb3115772.js",
    "vendors~app-account~app-checkout": "chunk.19340244a76c8b4e3a01.js",
    "vendors~app-cart~app-checkout": "chunk.c738072f8751a4312645.js",
    "admin": [
      "admin.8041d04d007b0231da95.js",
      "admin.8041d04d007b0231da95.js.map"
    ],
    "app-account": "chunk.2be88a214b4432b15de0.js",
    "app-confirmation": "chunk.b81adda0bc0401227253.js",
    "app-order": "chunk.e433af664838eb732bd8.js",
    "checkout": [
      "checkout.ab3e90cec5f6ce2083fb.js",
      "checkout.ab3e90cec5f6ce2083fb.js.map"
    ],
    "storefront": [
      "storefront.7fab8f7bcd2989fee27d.css",
      "storefront.4907b9b345b7a4d3c32e.js",
      "storefront.7fab8f7bcd2989fee27d.css.map",
      "storefront.4907b9b345b7a4d3c32e.js.map"
    ],
    "vendors~app-cart": "chunk.0b5c4d272aa5485c8475.js",
    "vendors~app-checkout": "chunk.ee7107c55eec8834c93b.js"
  }
}