{
  "meta_title": "",
  "meta_description": "",
  "sections": [
    {
      "type": "banner-slider",
      "autoplay": 9000,
      "slides": [
        {
          "img": "/img/uploads/rect89.webp",
          "link": "/headset",
          "alt": "Headset banner",
          "start": "2020-04-11T05:54:06.750Z",
          "end": "2020-12-31T03:00:00.000Z"
        },
        {
          "img": "/img/uploads/desk_home_sapatilhas.gif",
          "alt": "Banner sample two",
          "start": "",
          "end": ""
        }
      ]
    },
    {
      "type": "banners-grid",
      "banners": [
        {
          "img": "/img/uploads/calcados.png",
          "link": "https://asheecalcados.netlify.app/calcados"
        },
        {
          "img": "/img/uploads/promocoes.png",
          "link": "https://asheecalcados.netlify.app/promocoes"
        }
      ]
    },
    {
      "type": "banners-grid",
      "banners": [
        {
          "img": "/img/uploads/novidades.png",
          "link": "https://asheecalcados.netlify.app/novidades"
        }
      ]
    },
    {
      "type": "collection-shelf",
      "shuffle": true,
      "collection_id": "61361c9a522ab535e605376d:categories:EM DESTAQUE:/em-destaque",
      "limit": 12,
      "page": 1,
      "headless": false,
      "link": "",
      "title": ""
    },
    {
      "type": "banners-grid",
      "banners": [
        {
          "img": "/img/uploads/fique-por-dentro.jpg"
        }
      ]
    }
  ]
}